Main Category,Sub Category,Name,Description,Price,Stock
Electronics,Phone Accessories,Logitech Cases Such,"Nor, Premium Quality, New",37.6,36
Electronics,Phone Accessories,JBL Cases Spring,"Inside, Basic Quality, New",54.41,27
Electronics,Phone Accessories,Sony Power Banks Still,"World, Basic Quality, Bestseller",22.49,23
Electronics,Phone Accessories,Samsung Cases Natural,"Factor, Deluxe Quality, Bestseller",41.34,22
Electronics,Phone Accessories,Sony Power Banks Office,"Street, Pro Quality, Limited Edition",68.05,23
Electronics,Phone Accessories,Belkin Power Banks What,"Building, Deluxe Quality, Limited Edition",56.29,79
Electronics,Phone Accessories,Samsung Power Banks Her,"Executive, Premium Quality, Bestseller",28.16,46
Electronics,Phone Accessories,Anker Holders Action,"College, Premium Quality, Limited Edition",25.13,90
Electronics,Phone Accessories,Anker Cases Campaign,"Traditional, Premium Quality, New",31.83,57
Electronics,Laptop Accessories,Anker Cooling Pads System,"Loss, Deluxe Quality, New",183.64,27
Electronics,Laptop Accessories,Logitech Cooling Pads These,"But, Pro Quality, New",69.97,11
Electronics,Laptop Accessories,Samsung External Drives Home,"Bad, Basic Quality, Bestseller",188.02,55
Electronics,Laptop Accessories,Apple Bags Answer,"Lay, Deluxe Quality, New",110.26,42
Electronics,Laptop Accessories,Anker Bags Season,"Say, Premium Quality, Bestseller",188.86,63
Electronics,Laptop Accessories,Belkin USB Hubs Address,"Practice, Deluxe Quality, Bestseller",175.92,21
Electronics,Laptop Accessories,Samsung Docking Stations Then,"Politics, Deluxe Quality, Limited Edition",173.63,47
Electronics,Laptop Accessories,Anker Docking Stations Bad,"Special, Basic Quality, Limited Edition",97.83,50
Electronics,Laptop Accessories,Belkin USB Hubs Single,"Dog, Basic Quality, New",31.84,94
Electronics,Gaming Accessories,Sony Mouse Pads Letter,"Pm, Pro Quality, Limited Edition",33.9,32
Electronics,Gaming Accessories,Logitech Mouse Pads Drug,"Turn, Pro Quality, New",109.31,82
Electronics,Gaming Accessories,Sony Keyboards Service,"Eye, Premium Quality, Bestseller",173.42,56
Electronics,Gaming Accessories,Anker Mouse Pads American,"Send, Deluxe Quality, Bestseller",119.87,32
Electronics,Gaming Accessories,JBL Keyboards Claim,"Black, Premium Quality, Bestseller",273.21,18
Electronics,Gaming Accessories,Belkin Controllers Glass,"Ahead, Basic Quality, New",30.31,13
Electronics,Gaming Accessories,Apple Headsets Dog,"Source, Premium Quality, Limited Edition",87.02,44
Electronics,Gaming Accessories,Apple Mouse Pads Organization,"Central, Deluxe Quality, Bestseller",196.22,34
Electronics,Gaming Accessories,Samsung Gaming Mice Expect,"Radio, Premium Quality, Bestseller",132.3,28
Electronics,Camera Gear,Belkin Bags Skin,"Decision, Pro Quality, Limited Edition",477.18,86
Electronics,Camera Gear,JBL Filters Happy,"Recently, Deluxe Quality, Limited Edition",272.22,94
Electronics,Camera Gear,Anker Lenses Administration,"Company, Basic Quality, Limited Edition",470.14,43
Electronics,Camera Gear,Sony Filters Local,"Career, Basic Quality, Limited Edition",473.83,51
Electronics,Camera Gear,Samsung Tripods Design,"Door, Deluxe Quality, Limited Edition",361.2,12
Electronics,Camera Gear,Belkin Bags Tough,"Spend, Basic Quality, New",325.76,12
Electronics,Camera Gear,Samsung Filters Chair,"Voice, Deluxe Quality, New",77.61,71
Electronics,Camera Gear,Apple Memory Cards Around,"Suddenly, Pro Quality, Bestseller",371.09,73
Electronics,Camera Gear,Apple Lenses But,"Focus, Pro Quality, Limited Edition",449.26,8
Electronics,Audio Equipment,Apple Speakers Remember,"Leader, Deluxe Quality, Limited Edition",351.85,83
Electronics,Audio Equipment,JBL Microphones Early,"Feel, Deluxe Quality, New",340.34,70
Electronics,Audio Equipment,Apple Speakers Argue,"Trouble, Pro Quality, New",218.29,24
Electronics,Audio Equipment,JBL Sound Cards Sure,"Power, Premium Quality, Limited Edition",350.26,11
Electronics,Audio Equipment,JBL Headphones Happen,"Away, Pro Quality, Bestseller",129.37,11
Electronics,Audio Equipment,Sony Microphones Team,"Performance, Pro Quality, Bestseller",152.53,67
Electronics,Audio Equipment,Samsung Microphones Today,"Thousand, Premium Quality, Bestseller",261.42,25
Electronics,Audio Equipment,Belkin Headphones Several,"Product, Premium Quality, New",140.09,49
Electronics,Audio Equipment,Anker Earbuds Pressure,"Talk, Deluxe Quality, New",290.05,89
Clothing,Men's Fashion,Uniqlo Sweaters Else,"Describe, Deluxe Quality, Limited Edition",128.62,74
Clothing,Men's Fashion,Nike Shirts Contain,"Matter, Basic Quality, New",36.82,66
Clothing,Men's Fashion,H&M Jackets Drop,"Without, Basic Quality, Bestseller",107.9,15
Clothing,Men's Fashion,Under Armour T-Shirts In,"Him, Premium Quality, Bestseller",138.53,63
Clothing,Men's Fashion,H&M Shirts Determine,"Record, Premium Quality, New",129.61,97
Clothing,Men's Fashion,Under Armour T-Shirts Short,"Yeah, Premium Quality, New",28.92,83
Clothing,Men's Fashion,Under Armour Jackets Around,"May, Pro Quality, Limited Edition",104.08,76
Clothing,Men's Fashion,Uniqlo Jackets Affect,"Those, Premium Quality, Limited Edition",111.29,31
Clothing,Men's Fashion,Levi's Jeans Mission,"Arrive, Pro Quality, New",41.42,90
Clothing,Women's Fashion,H&M Blouses Commercial,"Fly, Basic Quality, Bestseller",117.96,46
Clothing,Women's Fashion,Zara Blouses Son,"Teach, Deluxe Quality, Bestseller",177.9,12
Clothing,Women's Fashion,Levi's Tops Us,"Voice, Premium Quality, New",69.87,90
Clothing,Women's Fashion,Uniqlo Blouses Term,"Else, Deluxe Quality, New",39.43,47
Clothing,Women's Fashion,Uniqlo Dresses Seek,"Charge, Premium Quality, Bestseller",60.84,95
Clothing,Women's Fashion,Adidas Dresses Western,"Street, Pro Quality, Limited Edition",166.51,32
Clothing,Women's Fashion,Levi's Skirts Animal,"Outside, Basic Quality, Bestseller",28.85,27
Clothing,Women's Fashion,Levi's Skirts Environment,"White, Premium Quality, Bestseller",130.79,7
Clothing,Women's Fashion,Levi's Tops Task,"Side, Premium Quality, Bestseller",87.02,74
Clothing,Kids' Fashion,Zara Dresses Human,"Receive, Pro Quality, Bestseller",46.19,100
Clothing,Kids' Fashion,Adidas Dresses Member,"Individual, Deluxe Quality, Bestseller",41.3,13
Clothing,Kids' Fashion,Adidas Dresses Return,"Explain, Premium Quality, Limited Edition",55.87,69
Clothing,Kids' Fashion,H&M Shoes Recent,"Feel, Deluxe Quality, Bestseller",58.85,6
Clothing,Kids' Fashion,H&M T-Shirts Our,"Partner, Deluxe Quality, Limited Edition",19.58,90
Clothing,Kids' Fashion,Nike Shoes Modern,"Painting, Basic Quality, Bestseller",22.07,34
Clothing,Kids' Fashion,H&M Sets More,"Side, Deluxe Quality, Limited Edition",56.71,72
Clothing,Kids' Fashion,Zara Pants Home,"Inside, Pro Quality, New",47.6,57
Clothing,Kids' Fashion,Adidas Dresses Then,"Ten, Premium Quality, New",77.14,64
Clothing,Athletic Wear,H&M Jerseys Win,"Them, Deluxe Quality, New",28.99,10
Clothing,Athletic Wear,Levi's Leggings That,"Expect, Deluxe Quality, New",61.35,98
Clothing,Athletic Wear,Levi's Sports Bras Once,"Upon, Basic Quality, Limited Edition",85.25,42
Clothing,Athletic Wear,Adidas Sports Bras Between,"Dog, Basic Quality, Limited Edition",60.5,90
Clothing,Athletic Wear,Nike Leggings Their,"Someone, Pro Quality, Limited Edition",72.31,24
Clothing,Athletic Wear,Nike Sports Bras Course,"Yes, Deluxe Quality, Limited Edition",57.24,79
Clothing,Athletic Wear,H&M Shorts Administration,"Will, Premium Quality, Bestseller",77.74,53
Clothing,Athletic Wear,Zara Leggings Billion,"Term, Pro Quality, Limited Edition",48.26,48
Clothing,Athletic Wear,Nike Sports Bras Focus,"Decade, Deluxe Quality, Bestseller",27.78,19
Clothing,Fashion Accessories,Levi's Scarves Become,"Lead, Deluxe Quality, New",122.73,35
Clothing,Fashion Accessories,Levi's Scarves Month,"Everyone, Pro Quality, New",30.87,98
Clothing,Fashion Accessories,Levi's Hats Reality,"President, Deluxe Quality, New",30.24,77
Clothing,Fashion Accessories,H&M Belts True,"Everything, Basic Quality, Limited Edition",40.03,22
Clothing,Fashion Accessories,Uniqlo Wallets Surface,"Memory, Basic Quality, Limited Edition",27.13,18
Clothing,Fashion Accessories,Levi's Bags Go,"Field, Premium Quality, Bestseller",102.21,100
Clothing,Fashion Accessories,Under Armour Hats Among,"Ever, Pro Quality, Bestseller",89.23,34
Clothing,Fashion Accessories,Levi's Scarves Myself,"Wind, Premium Quality, New",21.19,25
Clothing,Fashion Accessories,Levi's Belts Best,"Control, Premium Quality, Bestseller",90.93,41
Home & Living,Living Room,IKEA Coffee Tables Line,"Friend, Deluxe Quality, Limited Edition",608.21,77
Home & Living,Living Room,LivingSpace Sofas Foot,"Source, Premium Quality, Bestseller",438.05,68
Home & Living,Living Room,SimpleHome Coffee Tables Mr,"North, Pro Quality, Limited Edition",795.03,90
Home & Living,Living Room,IKEA Sofas Manage,"Much, Deluxe Quality, Limited Edition",136.03,88
Home & Living,Living Room,OXO Sofas Room,"Treat, Pro Quality, New",218.97,30
Home & Living,Living Room,SimpleHome TV Stands Miss,"Individual, Premium Quality, New",885.43,44
Home & Living,Living Room,HomeStyle Sofas Minute,"Anyone, Basic Quality, New",428.91,93
Home & Living,Living Room,SimpleHome Rugs Line,"Goal, Premium Quality, New",753.57,67
Home & Living,Living Room,HomeStyle Sofas Data,"Item, Premium Quality, Bestseller",699.68,71
Home & Living,Kitchen & Dining,LivingSpace Appliances Which,"Author, Basic Quality, New",237.09,42
Home & Living,Kitchen & Dining,IKEA Dinnerware Fine,"Candidate, Pro Quality, Limited Edition",164.08,95
Home & Living,Kitchen & Dining,SimpleHome Appliances Certainly,"Hear, Premium Quality, Limited Edition",217.13,26
Home & Living,Kitchen & Dining,LivingSpace Dinnerware Whole,"Boy, Premium Quality, New",349.51,75
Home & Living,Kitchen & Dining,LivingSpace Cookware Myself,"A, Pro Quality, Limited Edition",221.9,84
Home & Living,Kitchen & Dining,OXO Dinnerware Ok,"Join, Pro Quality, Bestseller",32.65,8
Home & Living,Kitchen & Dining,LivingSpace Appliances Evidence,"Blood, Basic Quality, Limited Edition",170.78,79
Home & Living,Kitchen & Dining,ArtDeco Appliances Including,"Rich, Deluxe Quality, New",121.57,95
Home & Living,Kitchen & Dining,ArtDeco Utensils Technology,"Really, Deluxe Quality, New",235.82,54
Home & Living,Bedroom,OXO Curtains Thus,"Weight, Basic Quality, Bestseller",222.37,62
Home & Living,Bedroom,ArtDeco Pillows Movie,"Go, Pro Quality, New",188.69,20
Home & Living,Bedroom,HomeStyle Pillows Clearly,"Under, Pro Quality, Limited Edition",256.97,89
Home & Living,Bedroom,IKEA Lamps Course,"As, Premium Quality, Bestseller",262.2,39
Home & Living,Bedroom,HomeStyle Pillows Face,"Industry, Premium Quality, Limited Edition",213.41,80
Home & Living,Bedroom,OXO Bedding Model,"Above, Basic Quality, New",105.42,98
Home & Living,Bedroom,ArtDeco Bedding Base,"Surface, Pro Quality, Bestseller",202.48,45
Home & Living,Bedroom,OXO Lamps Factor,"While, Deluxe Quality, Bestseller",72.9,61
Home & Living,Bedroom,IKEA Curtains On,"Throughout, Premium Quality, Bestseller",212.15,89
Home & Living,Bathroom,LivingSpace Storage Rest,"Health, Deluxe Quality, New",134.12,36
Home & Living,Bathroom,ArtDeco Shower Curtains Small,"Bag, Pro Quality, New",104.65,54
Home & Living,Bathroom,IKEA Accessories Paper,"Other, Premium Quality, Bestseller",106.58,82
Home & Living,Bathroom,IKEA Shower Curtains Feel,"Campaign, Deluxe Quality, Bestseller",67.92,29
Home & Living,Bathroom,SimpleHome Shower Curtains Level,"Question, Pro Quality, Bestseller",73.96,46
Home & Living,Bathroom,LivingSpace Accessories Food,"Effort, Basic Quality, Bestseller",132.63,71
Home & Living,Bathroom,SimpleHome Mats Yes,"Type, Pro Quality, Bestseller",68.21,64
Home & Living,Bathroom,ArtDeco Towels I,"Everything, Deluxe Quality, Limited Edition",63.96,80
Home & Living,Bathroom,IKEA Storage First,"Personal, Deluxe Quality, Bestseller",118.9,66
Home & Living,Home Decor,SimpleHome Cushions Up,"Close, Pro Quality, Bestseller",119.92,8
Home & Living,Home Decor,SimpleHome Candles Check,"Sort, Pro Quality, Bestseller",189.01,13
Home & Living,Home Decor,OXO Candles Evidence,"State, Deluxe Quality, Limited Edition",153.78,72
Home & Living,Home Decor,ArtDeco Mirrors Case,"Event, Basic Quality, Limited Edition",18.54,45
Home & Living,Home Decor,HomeStyle Vases Face,"Miss, Deluxe Quality, Limited Edition",99.24,21
Home & Living,Home Decor,SimpleHome Wall Art Power,"Church, Basic Quality, Limited Edition",82.15,75
Home & Living,Home Decor,LivingSpace Cushions Technology,"Military, Pro Quality, New",27.45,46
Home & Living,Home Decor,HomeStyle Cushions Environment,"Owner, Premium Quality, New",19.06,35
Home & Living,Home Decor,LivingSpace Vases Hotel,"Partner, Pro Quality, New",60.29,78
